{"ContentRoots":["A:\\CodeFolder\\Unity\\dotamaniagithubpages\\dota-mania-site\\wwwroot\\"],"Root":{"Children":{"admin":{"Children":{"index.html":{"Children":null,"Asset":{"ContentRootIndex":0,"SubPath":"admin/index.html"},"Patterns":null},"js":{"Children":{"main.js":{"Children":null,"Asset":{"ContentRootIndex":0,"SubPath":"admin/js/main.js"},"Patterns":null}},"Asset":null,"Patterns":null}},"Asset":null,"Patterns":null},"client":{"Children":{"index.html":{"Children":null,"Asset":{"ContentRootIndex":0,"SubPath":"client/index.html"},"Patterns":null},"js":{"Children":{"main.js":{"Children":null,"Asset":{"ContentRootIndex":0,"SubPath":"client/js/main.js"},"Patterns":null}},"Asset":null,"Patterns":null}},"Asset":null,"Patterns":null}},"Asset":null,"Patterns":[{"ContentRootIndex":0,"Pattern":"**","Depth":0}]}}